,artikelnummer,bauweise,boden_und_zargen,bünde,cutaway,decke,erhältlich_seit,farbe,griffbrett,hersteller,inkl_gigbag,koffer,mensur,modell,preis,sattelbreite_in_mm,tonabnehmer,verkaufseinheit,verkaufsrang
0,380608,Parlor,Mahagoni,,Nein,"Fichte, Massiv",Oktober 2016,Sunburst,Revebond,Recording King,Nein,Nein,,Recording King RPH-P2 TS,169.0,"43,00 mm",Nein,1 Stück,33717
1,426821,Folk,Mahagoni,,Nein,Mahagoni,Dezember 2017,Natur,Walnuss,Fender,Nein,Nein,,Fender Alkaline Trio Malibu,289.0,"41,30 mm",Nein,1 Stück,36412
2,382553,Mini Grand Symphony,Mahagoni,,Nein,Mahagoni,August 2016,Natur,Blackwood,Harley Benton,Ja,Nein,,Harley Benton GS-Travel Mahogany,89.0,"43,00 mm",Nein,1 Stück,491
3,460892,Travel,Glas faserverstärkte Kohlefaser,,Ja,Kohlefaser,April 2019,"Schwarz, matt",Kohlefaser,Journey Instruments,Ja,Nein,,Journey Instruments OF660 BK M,1375.0,"44,50 mm",Ja,1 Stück,9930
4,382556,Mini Grand Symphony,Mahagoni,,Nein,Fichte,August 2016,Natur,Blackwood,Harley Benton,Ja,Nein,,Harley Benton GS-Travel Spruce,89.0,"43,00 mm",Nein,1 Stück,10813
5,455864,AE Junior,Ziricote,,Ja,Sitka Fichte massiv,Januar 2019,"Natur, Hochglanz",Ahorn,Ibanez,Nein,Nein,,Ibanez AE315ZR-NT,829.0,"44,00 mm",Ja,1 Stück,80018
6,464762,Folk,Mahagoni,,Ja,Fichte,April 2019,Schwarz,Pau Ferro,Luna,Nein,Nein,,Luna Fauna Phoenix LH BK B-Stock,339.0,"43,00 mm",Ja,1 Stück,97776
7,410803,Mini Grand Symphony,Mahagoni,,Nein,Fichte,Oktober 2017,Natur,Blackwood,Harley Benton,Ja,Nein,,Harley Benton GS-Travel-E Spruce,99.0,"43,00 mm",Ja,1 Stück,9228
8,464884,Parlor,Kirsche,,Nein,"Fichte, Massiv",,Braun,Palisander,Art & Lutherie,Ja,Nein,,Art & Lutherie Roadhouse Hav.Brown Q-Discrete,598.0,"43,70 mm",Ja,1 Stück,80590
9,460255,Folk,Mahagoni,,Nein,"Fichte, Massiv",Februar 2019,Natur,Palisander,Framus,Nein,Nein,,Framus Legacy FF 14 SV Folk B-Stock,279.0,"45,00 mm",Nein,1 Stück,95937
10,457172,Dreadnought,Mahagoni,,Nein,Mahagoni,Januar 2019,Vintage,Blackwood,Harley Benton,Nein,Nein,,Harley Benton Delta Blues DCE Set 1,109.0,"43,00 mm",Ja,1 Stück,29916
11,326005,Grand Concert,Mahagoni,,Nein,Fichte,Oktober 2013,Natur,Palisander,Ibanez,Ja,Nein,,Ibanez VC50NJP-NT,109.0,,Nein,1 Stück,24325
12,420427,Mini Orchestra,Queensland maple,,Nein,"Fichte, Massiv",Oktober 2017,Sunburst,Pau Ferro,Maton,Nein,Ja,,Maton EMTE T.E.Mini,1799.0,"44,10 mm",Ja,1 Stück,82896
13,462295,Concert,Kirsche,,Ja,"Fichte, Massiv",,Rot,Palisander,Art & Lutherie,Nein,Nein,,Art & Lutherie Legacy Tennessee Red CW Q1T,549.0,"43,70 mm",Ja,1 Stück,80644
14,420089,Parlor,Palisander,,Ja,Fichte,September 2017,Natur,Richlite,Gibson,Nein,Ja,,Gibson Parlor Rosewood AG 2018,1498.0,"44,00 mm",Ja,1 Stück,80254
15,410797,Mini Grand Symphony,Mahagoni,,Nein,Mahagoni,Oktober 2017,Natur,Blackwood,Harley Benton,Ja,Nein,,Harley Benton GS-Travel-E Mahogany,109.0,"43,00 mm",Ja,1 Stück,223
16,367232,Travelguitar,Mahagoni,,Nein,Fichte,Juni 2015,Natur,Palisander,Luna Guitars,Nein,Nein,,Luna Guitars Safari Peace B-Stock,129.0,"43,00 mm",Nein,1 Stück,56561
17,454584,Parlor,Mahagoni,,Nein,"Fichte, Massiv",Dezember 2018,Natur,Walnuss,Fender,Nein,Nein,,Fender CP-60S Parlor Natural WN,169.0,"43,00 mm",Nein,1 Stück,28598
18,381996,Parlor,Mahagoni,,Nein,Mahagoni,April 2016,Natur,Walnuss,Luna Guitars,Nein,Nein,,Luna Guitars Gypsy Parlor Mahogany,168.0,"43,00 mm",Nein,1 Stück,32815
19,295056,Parlor,Sapele,,Nein,Zeder,September 2012,Natur,Palisander,Takamine,Nein,Ja,,Takamine P3NY,1249.0,"42,50 mm",Ja,1 Stück,6747
20,406796,Concert,Mahagoni,,Nein,"Fichte, Massiv",Mai 2017,Sunburst,Palisander,Guild,Ja,Nein,,Guild M-240E Troubadour Westerly,469.0,"42,80 mm",Ja,1 Stück,6092
21,453978,Parlor,Mahagoni,,Nein,Mahagoni,Dezember 2018,Natur,Tech Wood,Tanglewood,Nein,Ja,,Tanglewood TW3 E,359.0,"43,00 mm",Ja,1 Stück,47248
22,464882,Concert,Kirsche,,Nein,"Fichte, Massiv",,Blau,Palisander,Art & Lutherie,Nein,Nein,,Art & Lutherie Legacy Indigo Burst Q-Discrete,779.0,"43,70 mm",Ja,1 Stück,82542
23,457163,Dreadnought,Okume,,Nein,Okume,Januar 2019,Vintage,Blackwood,Harley Benton,Nein,Nein,,Harley Benton Delta Blues D Set 1,95.0,"43,00 mm",Nein,1 Stück,50120
24,461157,Orchestra,Mahagoni,,Nein,Mahagoni,März 2019,Vintage,Blackwood,Harley Benton,Nein,Nein,,Harley Benton Delta Blues OE B-Stock,92.0,"43,00 mm",Ja,1 Stück,50214
25,352269,Folk,Mahagoni,,Nein,"Mahagoni, massiv",April 2015,Natur,Palisander,Framus,Nein,Nein,,Framus FF-14M NS Legacy Series,299.0,"45,00 mm",Nein,1 Stück,42795
26,370305,Parlor,Mahagoni,,Nein,"Mahagoni, massiv",Januar 2016,Natur,Ovangkol,Harley Benton,Nein,Nein,,Harley Benton Custom Line CLP-15M,179.0,"45,00 mm",Nein,1 Stück,4203
27,406829,Concert,Mahagoni,,Nein,Fichte,September 2017,Natur,Palisander,Guild,Nein,Ja,,Guild M-40 N Troubadour NAT,1799.0,"44,50 mm",Nein,1 Stück,37066
28,406662,Parlor,Walnuss,,Nein,Fichte,Dezember 2017,Natur,Ebenholz,Breedlove,Nein,Ja,,Breedlove P10Ewe Thomann Special EDT NT,3599.0,"44,50 mm",Ja,1 Stück,86339
29,441538,Folk,Mahagoni,,Ja,"Fichte, Massiv",Juni 2018,Schwarz,Ebenholz,Framus,Nein,Nein,,Framus Legacy Series FF 14 S BK CE,389.0,"45,00 mm",Ja,1 Stück,30618
30,379078,Concert,Mahagoni,,Nein,Mahagoni,Juni 2016,Sunburst,Palisander,Guild,Nein,Ja,,Guild M-20 ATB USA,1499.0,"44,45 mm",Nein,1 Stück,31545
31,447459,Parlor,Mahagoni,,Nein,Fichte,Oktober 2018,Sunburst,Nandu,Ibanez,Nein,Nein,,Ibanez PN15-BS Parlor,139.0,"42,00 mm",Nein,1 Stück,63907
32,454004,Folk,Koa,,Ja,"Koa, Massiv",Dezember 2018,Natur,Tech Wood,Tanglewood,Nein,Nein,,Tanglewood TW4 E KOA,422.0,"43,00 mm",Ja,1 Stück,40297
33,455874,Grand Concert,Okume,,Ja,Sitka Fichte massiv,Januar 2019,Natur,Ovangkol,Ibanez,Nein,Nein,,Ibanez AC150CE-OPN,426.0,"45,00 mm",Ja,1 Stück,49755
34,459862,Folk,Mahagoni,,Nein,"Mahagoni, massiv",Februar 2019,Sunburst,Palisander,Framus,Nein,Nein,,Framus FF-14M VS Legacy Serie B-Stock,235.0,"45,00 mm",Nein,1 Stück,94174
35,428950,0-Style,Mahagoni,,Nein,"Fichte, Massiv",Februar 2018,Sunburst,Ovangkol,Ibanez,Nein,Nein,,Ibanez AVN11-ABS Artwood Vintage,407.0,"43,00 mm",Nein,1 Stück,23617
36,451666,Orchestra,Mahagoni,,Nein,Mahagoni,Februar 2019,Vintage,Blackwood,Harley Benton,Nein,Nein,,Harley Benton Delta Blues OE,99.0,"43,00 mm",Ja,1 Stück,2305
37,462428,Concert,"Mahagoni, Massiv",,Ja,"Fichte, Massiv",März 2019,Natur,Richlite,Seagull,Nein,Nein,,Seagull Maritime SWS Concert Q1T NT,998.0,"43,69 mm",Ja,1 Stück,82001
38,418494,Travel,"Mahagoni, Massiv",,Nein,"Fichte, Massiv",Oktober 2017,Natur,Ovangkol,Fender,Nein,Ja,,Fender PM-TE Standard Natural,411.0,"43,00 mm",Ja,1 Stück,30579
39,462496,Parlor,"Amara, Spalt Mango",,Nein,"Zeder, massiv",März 2019,Natur,Tech Wood,Tanglewood,Nein,Nein,,Tanglewood TWJP E B-Stock,399.0,"43,00 mm",Ja,1 Stück,94172
40,444422,NEX,Walnuss,,Ja,"Fichte, Massiv",Oktober 2018,Natur,Lorbeer,Takamine,Nein,Nein,,Takamine GN51CE-NAT,499.0,"43,00 mm",Ja,1 Stück,13692
41,453933,Parlor,Mahagoni,,Nein,"Fichte, Massiv",November 2018,Sunburst,Walnuss,Fender,Nein,Nein,,Fender CP-60S Parlor Sunburst WN,178.0,"43,00 mm",Nein,1 Stück,11499
42,437901,Grand Concert,Ahorn,,Ja,"Fichte, Massiv",Mai 2018,Natur,Palisander,Framus,Nein,Nein,,Framus Legacy Series FC44 SMV Concert,555.0,"45,00 mm",Nein,1 Stück,45694
43,460890,Travel,Glas faserverstärkte Kohlefaser,,Ja,Kohlefaser,April 2019,"Schwarz, hochglanz",Kohlefaser,Journey Instruments,Ja,Nein,,Journey Instruments OF660 BK,1375.0,"44,50 mm",Ja,1 Stück,5395
44,337383,Auditorium,"Koa, massiv",,Ja,"Fichte, Massiv",März 2014,Natur,Ebenholz,Cuntz Guitars,Nein,Ja,,Cuntz Guitars CWG 23-2 Penelope Koa,6200.0,"46,00 mm",Ja,1 Stück,86253
45,425521,Mini Grand Symphony,Mahagoni,,Nein,Mahagoni,November 2017,Natur,Blackwood,Harley Benton,Ja,Nein,,Harley Benton GS-Travel-E Mahogany B-Stock,89.0,"43,00 mm",Ja,1 Stück,21873
46,145077,Small,Meranti,,Nein,Fichte,November 2000,Natur,Palisander,Yamaha,Nein,Nein,,Yamaha JR-1,139.0,"43,00 mm",Nein,1 Stück,37069
47,441795,Folk,Mahagoni,,Nein,Mahagoni,Juni 2018,Natur,Roseacer,Harley Benton,Nein,Nein,,Harley Benton CG-45 NS Bundle,122.0,"42,00 mm",Nein,1 Stück,73571
48,462416,Concert,Kirsche,,Ja,"Fichte, Massiv",,Burst,Palisander,Seagull,Nein,Nein,,Seagull Entourage Concert Autumn Burst,669.0,"43,70 mm",Ja,1 Stück,81734
49,462334,Parlor,Kirsche,,Nein,"Fichte, Massiv",März 2019,Schwarz,Palisander,Art & Lutherie,Ja,Nein,,Art & Lutherie Roadhouse FB A/E with Gigbag,499.0,"43,70 mm",Ja,1 Stück,39248
50,464126,Folk,Mahagoni,,Nein,Mahagoni,April 2019,Natur,Ovangkol,Cort,Nein,Nein,,Cort Luce 450 C NS,489.0,"20,00 mm",Ja,1 Stück,80704
51,380066,000-Style,Okume,,Nein,"Okume, massiv",Januar 2016,Natur,Ovangkol,Harley Benton,Nein,Nein,,Harley Benton Custom Line CLP-15ME B-Stock,179.0,"45,00 mm",Nein,1 Stück,31157
52,460991,Travel,"Sapele, massiv",,Ja,Sitka Fichte massiv,April 2019,Natur,Ovangkol,Journey Instruments,Ja,Nein,,Journey Instruments FF412C,869.0,"44,50 mm",Ja,1 Stück,6008
53,451678,Mini Jumbo,Mahagoni,,Nein,Mahagoni,Februar 2019,Vintage,Blackwood,Harley Benton,Nein,Nein,,Harley Benton Delta Blues MJCE,99.0,"43,00 mm",Ja,1 Stück,1276
54,379080,Concert,Mahagoni,,Nein,Mahagoni,Dezember 2016,Natur,Palisander,Guild,Nein,Ja,,Guild M-20E NAT,1649.0,"44,45 mm",Ja,1 Stück,29230
55,425720,AEG,"Mahagoni, Massiv",20,Ja,"Fichte, Massiv",November 2017,Natur,Ovangkol,Ibanez,Ja,Nein,,Ibanez AE205JR-OPN,395.0,"43,00 mm",Ja,1 Stück,23346
56,348947,Parlor,Mahagoni,,Nein,"Fichte, Massiv",Januar 2015,Natur,Palisander,Framus,Nein,Nein,,Framus FP-14SVE VNT Legacy Series,469.0,"45,00 mm",Ja,1 Stück,43986
57,458112,Orchestra,Okume,,Nein,Okume,Januar 2019,Vintage,Blackwood,Harley Benton,Nein,Nein,,Harley Benton Delta Blues O Set 1,99.0,"43,00 mm",Nein,1 Stück,15033
58,399587,Grand Auditorum,Walnuss,,Ja,Fichte,Oktober 2016,Natur,Eboncore,Tanglewood,Nein,Nein,,Tanglewood DBT SFCE BW,244.0,"43,00 mm",Ja,1 Stück,42052
59,336511,Small,Palisander,,Nein,"Fichte, Massiv",Mai 2014,"Sunburst, Hochglanz",Palisander,Yamaha,Ja,Nein,,Yamaha LS 6 A.R.E BS,549.0,"44,00 mm",Ja,1 Stück,41338
60,379463,Piccolo,Ovangkol,,Ja,Ovangkol,Januar 2016,Natur,Kiefer,Ibanez,Ja,Nein,,Ibanez EWP14WB-OPN Piccolo,169.0,"42,00 mm",Nein,1 Stück,23618
61,458239,Travel,Mahagoni,,Nein,Mahagoni,Januar 2019,Vintage,Blackwood,Harley Benton,Nein,Nein,,Harley Benton Delta Blues T Set 1,89.0,"43,00 mm",Nein,1 Stück,6953
62,451682,Travel,Mahagoni,,Nein,Mahagoni,Februar 2019,Vintage,Blackwood,Harley Benton,Nein,Nein,,Harley Benton Delta Blues T,69.0,"43,00 mm",Nein,1 Stück,2329
63,451672,Dreadnought,Okume,,Nein,Okume,Februar 2019,Vintage,Blackwood,Harley Benton,Nein,Nein,,Harley Benton Delta Blues D,69.0,"43,00 mm",Nein,1 Stück,33176
64,466860,Concert,Kirsche,,Nein,"Fichte, Massiv",Mai 2019,Burst,Palisander,Art & Lutherie,Nein,Nein,,Art & Lutherie Legacy Bourbon Burst B-Stock,415.0,"43,70 mm",Nein,1 Stück,98324
65,142800,Folk,Mahagoni,,Nein,Mahagoni,August 2000,Natur,Roseacer,Harley Benton,Nein,Nein,,Harley Benton HBCG45 Westerngitarre,64.0,"42,00 mm",Nein,1 Stück,146
66,428223,Mini Grand Symphony,Mahagoni,,Nein,Fichte,Dezember 2017,Natur,Blackwood,Harley Benton,Ja,Nein,,Harley Benton GS-Travel-E Spruce B-Stock,92.0,"43,00 mm",Ja,1 Stück,42691
67,462331,Parlor,Kirsche,,Nein,"Fichte, Massiv",März 2019,Blau,Palisander,Art & Lutherie,Nein,Nein,,Art & Lutherie Roadhouse Denim Blue Q-Discr.,539.0,"43,70 mm",Ja,1 Stück,12940
68,460894,Travel,Glas faserverstärkte Kohlefaser,,Ja,Kohlefaser,April 2019,Rot,Kohlefaser,Journey Instruments,Ja,Nein,,Journey Instruments OF660 RD M,1399.0,"44,50 mm",Ja,1 Stück,98396
69,453982,Folk,Mahagoni,,Ja,"Fichte, Massiv",Dezember 2018,Whiskey Barrel Burst Satin,Tech Wood,Tanglewood,Nein,Nein,,Tanglewood TW4 E WB,369.0,"43,00 mm",Ja,1 Stück,84241
70,418496,Travel,"Mahagoni, Massiv",,Nein,"Mahagoni, massiv",Oktober 2017,Braun,Ovangkol,Fender,Nein,Ja,,Fender PM-TE All Mahogany Natural,469.0,"43,00 mm",Ja,1 Stück,4774
71,457725,Concert,Mahagoni,,Ja,"Fichte, Massiv",Januar 2019,Natur,,Fender,Nein,Nein,,Fender CC-60SCE Nat WN,236.0,"43,00 mm",Ja,1 Stück,2630
72,462293,Concert,Kirsche,,Nein,"Fichte, Massiv",März 2019,Burst,Palisander,Art & Lutherie,Nein,Nein,,Art & Lutherie Legacy Bourbon Burst,449.0,"43,70 mm",Nein,1 Stück,29550
73,464886,Parlor,Kirsche,,Nein,"Fichte, Massiv",,Blau,Palisander,Art & Lutherie,Ja,Nein,,Art & Lutherie Roadhouse Ind.Burst Q-Discrete,779.0,"43,70 mm",Ja,1 Stück,81668
74,425372,Folk,Walnuss,,Nein,Fichte,November 2017,Natur,Ovangkol,Harley Benton,Nein,Nein,,Harley Benton CLF-200 WN,219.0,"43,00 mm",Nein,1 Stück,4182
75,404040,Mini Grand Symphony,Mahagoni,,Nein,Fichte,Dezember 2016,Natur,Blackwood,Harley Benton,Ja,Nein,,Harley Benton GS-Travel Spruce B-Stock,82.0,"43,00 mm",Nein,1 Stück,61916
76,348944,Grand Auditorum,Mahagoni,,Ja,"Fichte, Massiv",Januar 2015,Natur,Palisander,Framus,Nein,Nein,,Framus FG-14SVCE VNT Legacy Series,499.0,"48,00 mm",Ja,1 Stück,39710
77,464108,Folk,Mahagoni,,Nein,Mahagoni,April 2019,Natur,Ovangkol,Cort,Nein,Nein,,Cort Luce 450 NS,329.0,"42,00 mm",Nein,1 Stück,14988
78,413915,Parlor,Carbon,,Ja,Carbon,Mai 2017,Schwarz,Composite,Rainsong,Nein,Ja,,Rainsong CH-PA1100NS Parlor,1479.0,"44,45 mm",Ja,1 Stück,34158
79,462419,Folk,Kirsche,,Nein,"Fichte, Massiv",,Braun,Palisander,Seagull,Nein,Nein,,Seagull Entourage Folk Burnt Umber Q1T,629.0,"43,69 mm",Ja,1 Stück,81733
80,321012,Mini Dreadnought,Mahagoni,,Nein,Fichte,November 2013,Natur,Roseacer,Harley Benton,Ja,Nein,,Harley Benton DS-10 Mini,59.0,"43,00 mm",Nein,1 Stück,1750
81,245834,Folk,Sapele,,Ja,Sapele,Juli 2010,Natur,Palisander,Tanglewood,Nein,Nein,,Tanglewood TW47E,999.0,"43,00 mm",Ja,1 Stück,83171
82,451675,Dreadnought,Mahagoni,,Nein,Mahagoni,Februar 2019,Vintage,Blackwood,Harley Benton,Nein,Nein,,Harley Benton Delta Blues DCE,99.0,"43,00 mm",Ja,1 Stück,11514
83,441452,Travel,"Mahagoni, Massiv",,Nein,"Fichte, Massiv",Juni 2018,Natur,Ovangkol,Fender,Nein,Ja,,Fender PM-TE Standard Natural B-Stock,379.0,"43,00 mm",Ja,1 Stück,98999
84,453712,Travel,Mahagoni,,Nein,"Fichte, Massiv",November 2018,Schwarz,Walnuss,Fender,Nein,Nein,,Fender CT-60S Travel Black WN,175.0,"43,00 mm",Nein,1 Stück,7664
85,446324,Travel,Bambus,,Nein,Bambus,Dezember 2018,Natur,Walnuss,Luna Guitars,Ja,Nein,,Luna Guitars Safari Bamboo Travel Guitar,159.0,"43,00 mm",Nein,1 Stück,49316
86,274631,Folk,Mahagoni,,Nein,Mahagoni,Dezember 2011,Natur,Roseacer,Harley Benton,Ja,Nein,,Harley Benton Blues Guitar Set 2,75.0,"42,00 mm",Nein,1 Stück,1488
87,416846,Travel,Mahagoni,,Nein,Fichte,Oktober 2017,Natur,Palisander,Luna Guitars,Ja,Nein,,Luna Guitars Safari Dragonfly,169.0,"43,00 mm",Nein,1 Stück,37574
88,321014,Mini Jumbo,Linde,,Ja,Fichte,November 2013,Pink,Roseacer,Harley Benton,Nein,Nein,,Harley Benton EAX-10 Pinky,69.0,"43,00 mm",Ja,1 Stück,57849
89,460952,Folk,Mahagoni,,Nein,Fichte,März 2019,Natur,Ovangkol,Baton Rouge,Nein,Nein,,Baton Rouge L1LS/F Natural,129.0,"46,00 mm",Nein,1 Stück,54040
90,370308,000-Style,Okume,,Nein,"Okume, massiv",Januar 2016,Natur,Ovangkol,Harley Benton,Nein,Nein,,Harley Benton Custom Line CLP-15ME,219.0,"45,00 mm",Ja,1 Stück,1265
91,336519,Small,Palisander,,Nein,"Fichte, Massiv",Mai 2014,Natur,Palisander,Yamaha,Ja,Nein,,Yamaha LS 6 A.R.E NT,549.0,"44,00 mm",Ja,1 Stück,36390
92,455861,AE Junior,Koa,,Ja,Sitka Fichte massiv,Januar 2019,"Natur, Hochglanz",Ahorn,Ibanez,Nein,Nein,,Ibanez AE315K-NT,888.0,"44,00 mm",Ja,1 Stück,50917
93,454014,Parlor,"Amara, Spalt Mango",,Nein,"Zeder, massiv",Dezember 2018,Natur,Tech Wood,Tanglewood,Nein,Nein,,Tanglewood TWJP E,479.0,"43,00 mm",Ja,1 Stück,34941
94,462289,Concert,Kirsche,,Ja,"Fichte, Massiv",März 2019,Burst,Palisander,Art & Lutherie,Nein,Nein,,Art & Lutherie Legacy Bourbon Burst CW Q1T,549.0,"43,70 mm",Ja,1 Stück,12918
95,462292,Concert,Kirsche,,Nein,"Fichte, Massiv",März 2019,Burst,Palisander,Art & Lutherie,Nein,Nein,,Art & Lutherie Legacy Bourbon Burst Q1T,519.0,"43,70 mm",Ja,1 Stück,30365
96,399576,Orchestra,Mahagoni,,Nein,"Fichte, Massiv",Oktober 2016,Sunburst,Tech Wood,Tanglewood,Nein,Nein,,Tanglewood TWCR O,139.0,"43,00 mm",Nein,1 Stück,35374
97,348948,Folk,Mahagoni,,Ja,"Fichte, Massiv",Januar 2015,Natur,Palisander,Framus,Nein,Nein,,Framus FF-14SVCE VNT Legacy Series,459.0,"45,00 mm",Ja,1 Stück,39229
98,464874,Concert,Kirsche,,Nein,"Fichte, Massiv",,Braun,Palisander,Art & Lutherie,Nein,Nein,,Art & Lutherie Legacy Havana Brown Q-Discrete,598.0,"43,70 mm",Ja,1 Stück,81932
99,458114,Mini Jumbo,Mahagoni,,Nein,Mahagoni,Januar 2019,Vintage,Blackwood,Harley Benton,Nein,Nein,,Harley Benton Delta Blues MJCE Set 1,109.0,"43,00 mm",Ja,1 Stück,4217
100,444901,Parlor,Agathis,,Nein,Agathis,September 2018,Blau,Palisander,Gretsch,Nein,Nein,,Gretsch G9510 Jim Dandy GSR,189.0,"43,00 mm",Nein,1 Stück,24326
101,466757,Parlor,Agathis,,Nein,Agathis,Mai 2019,Blau,Palisander,Gretsch,Nein,Nein,,Gretsch G9510 Jim Dandy GSR B-Stock,175.0,"43,00 mm",Nein,1 Stück,98179
102,379089,Concert,Mahagoni,,Nein,Mahagoni,Dezember 2016,Sunburst,Ebenholz,Guild,Nein,Ja,,Guild M-20E ATB,1545.0,"44,45 mm",Ja,1 Stück,29193
103,453975,Folk,Mahagoni,,Ja,"Mahagoni, massiv",Januar 2019,Natur,Eboncore,Tanglewood,Nein,Nein,,Tanglewood TWU SFCE,269.0,"43,00 mm",Ja,1 Stück,38148
104,460884,Travel,Pau Ferro,,Nein,"Fichte, Massiv",April 2019,Natur,Ovangkol,Journey Instruments,Ja,Nein,,Journey Instruments OF420,699.0,"44,50 mm",Ja,1 Stück,6048
105,399589,Folk,Walnuss,,Ja,"Fichte, Massiv",Oktober 2016,Natur,Eboncore,Tanglewood,Nein,Nein,,Tanglewood DBT SFCE PW,248.0,"43,00 mm",Ja,1 Stück,56294
106,414102,Auditorium,Walnuss,,Ja,Fichte,September 2017,Natur,Ovangkol,Harley Benton,Nein,Nein,,Harley Benton Custom Line CLA-28VE WN,299.0,"45,00 mm",Ja,1 Stück,10768
107,406840,Concert,Mahagoni,,Nein,Fichte,April 2018,Antik,Palisander,Guild,Nein,Ja,,Guild M-40 Troubadour AS,1899.0,"44,50 mm",Nein,1 Stück,83809
108,451592,Parlor,Mahagoni,,Nein,Fichte,November 2018,Natural Burst,Lorbeer,Ibanez,Nein,Nein,,Ibanez PN19-ONB,159.0,"42,00 mm",Nein,1 Stück,67482
109,341089,Parlor,Mahagoni,,Nein,"Mahagoni, massiv",Januar 2015,Sunburst,Palisander,Framus,Nein,Nein,,Framus FP-14M VS Legacy Series,339.0,"45,00 mm",Nein,1 Stück,31570
110,465753,Travel,Mahagoni,,Nein,"Fichte, Massiv",Mai 2019,Schwarz,Walnuss,Fender,Nein,Nein,,Fender CT-60S Travel Black WN B-Stock,162.0,"43,00 mm",Nein,1 Stück,97255
111,466452,Mini Orchestra,Queensland maple,,Nein,"Fichte, Massiv",Mai 2019,Sunburst,Pau Ferro,Maton,Nein,Ja,,Maton EMTE Tommy Emmanuel Mi B-Stock,1659.0,"44,10 mm",Ja,1 Stück,98072
112,462301,Concert,Kirsche,,Nein,"Fichte, Massiv",März 2019,Schwarz,Palisander,Art & Lutherie,Nein,Nein,,Art & Lutherie Legacy Faded Black Q1T,549.0,"43,70 mm",Ja,1 Stück,31849
113,441534,Parlor,Mahagoni,,Nein,"Mahagoni, massiv",Juni 2018,Natur,Ebenholz,Framus,Nein,Nein,,Framus Legacy Series FP 14 M Parlor,389.0,"45,00 mm",Ja,1 Stück,7600
114,361896,Concert,"Mahagoni, Massiv",,Nein,"Mahagoni, massiv",August 2016,Natur,Palisander,Guild,Nein,Ja,,Guild M-20,1499.0,"44,45 mm",Nein,1 Stück,44960
115,459550,Orchestra,Mahagoni,,Nein,Mahagoni,Februar 2019,Vintage,Blackwood,Harley Benton,Nein,Nein,,Harley Benton Delta Blues O B-Stock,73.0,"43,00 mm",Nein,1 Stück,50312
116,463569,Folk,Mahagoni,,Nein,Fichte,April 2019,Natur,Ovangkol,Baton Rouge,Nein,Nein,,Baton Rouge L1LS/F Natural B-Stock,105.0,"46,00 mm",Nein,1 Stück,56105
117,461128,Parlor,Walnuss,,Ja,Sitka Fichte massiv,März 2019,Antik,Richlite,Gibson,Nein,Nein,,Gibson Parlor AG AN 2019,1698.0,"43,81 mm",Ja,1 Stück,79247
118,441512,Folk,Mahagoni,,Ja,Mahagoni,Juni 2018,Sunburst,Ebenholz,Framus,Nein,Nein,,Framus FF 14 M Folk VS Legacy Series,399.0,"45,00 mm",Ja,1 Stück,14337
119,455322,Travel,Mahagoni,,Nein,Fichte,März 2019,Braun,Walnuss,Luna Guitars,Ja,Nein,,Luna Guitars Safari Artist Vintage Travel,159.0,"43,00 mm",Nein,1 Stück,32735
120,462305,Concert,Kirsche,,Nein,"Fichte, Massiv",März 2019,Blau,Palisander,Art & Lutherie,Nein,Nein,,Art & Lutherie Legacy Denim Blue Q-Discrete,539.0,"43,70 mm",Ja,1 Stück,80898
121,337205,Folk,Mahagoni,,Nein,Mahagoni,Juli 2014,Natur,Palisander,Luna Guitars,Nein,Nein,,Luna Guitars Safari Polynesian Tattoo,132.0,"43,00 mm",Nein,1 Stück,49990
122,393302,Folk,Mahagoni,,Ja,"Fichte, Massiv",Juni 2016,Natur,Palisander,Framus,Nein,Nein,,Framus FF-14SVCE VNT Legacy S B-Stock,359.0,"45,00 mm",Ja,1 Stück,98503
123,406844,Concert,Mahagoni,,Nein,Fichte,Juni 2018,Antik,Palisander,Guild,Nein,Ja,,Guild M-40 Troubadour AS LR Baggs,2099.0,"44,50 mm",Ja,1 Stück,84977
124,457264,,Ahorn,,Nein,"Fichte, massiv",Februar 2019,Natur,Wenge,Höfner,Nein,Nein,643 mm,Höfner HA-CS7 Relic,898.0,"45,00 mm",Ja,1 Stück,9226
125,462328,Concert,Kirsche,,Nein,"Fichte, Massiv",März 2019,Creme,Palisander,Art & Lutherie,Nein,Nein,,Art & Lutherie Legacy Faded Cream Q1T,529.0,"43,70 mm",Ja,1 Stück,80791
126,461121,00-Style,Walnuss,,Nein,Sitka Fichte,April 2019,Walnuss Burst,Walnuss,Gibson,Nein,Ja,,Gibson L-00 Studio WB 2019,1549.0,"43,80 mm",Ja,1 Stück,6751
127,441844,Parlor,"Palisander, Massiv",19,Ja,"Fichte, Massiv",November 2018,"Sunburst, Hochglanz",Richlite,Gibson,Nein,Ja,,Gibson Parlor Rosewood AG LH 2019,2299.0,"44,00 mm",Ja,1 Stück,41565
128,415653,Travel,Palisander,,Nein,"Fichte, Massiv",Juni 2017,Sunburst,Palisander,Fender,Nein,Ja,,Fender CT140SE Travel Sunburst,325.0,"43,00 mm",Ja,1 Stück,9927
129,441794,Folk,Mahagoni,,Nein,Mahagoni,Juni 2018,Natur,Roseacer,Harley Benton,Nein,Nein,,Harley Benton CG-45 NS Bundle,99.0,"42,00 mm",Nein,1 Stück,74715
130,399575,Orchestra,Mahagoni,,Nein,Mahagoni,Dezember 2016,Sunburst,Palisander,Tanglewood,Nein,Nein,,Tanglewood TWCR O E,157.0,"43,00 mm",Ja,1 Stück,6889
131,460893,Travel,Glas faserverstärkte Kohlefaser,,Ja,Kohlefaser,April 2019,Blau,Kohlefaser,Journey Instruments,Ja,Nein,,Journey Instruments OF660 BL M,1399.0,"44,50 mm",Ja,1 Stück,8372
132,462298,Concert,Kirsche,,Ja,"Fichte, Massiv",März 2019,Schwarz,Palisander,Art & Lutherie,Nein,Nein,,Art & Lutherie Legacy Faded Black CW Q1T,549.0,"43,70 mm",Ja,1 Stück,34346
133,349009,Folk,Mahagoni,,Nein,"Fichte, Massiv",Januar 2015,Natur,Palisander,Framus,Nein,Nein,,Framus FF-14SV VNT Legacy Series,389.0,"45,00 mm",Nein,1 Stück,36862
134,460211,00-Style,Mahagoni,,Nein,"Fichte, Massiv",Mai 2019,Sunburst,Richlite,Gibson,Nein,Ja,,Gibson L-00 Deluxe Rosewood Burst,2998.0,"43,80 mm",Ja,1 Stück,7490
135,341088,Parlor,Mahagoni,,Nein,"Mahagoni, massiv",Januar 2015,Sunburst,Palisander,Framus,Nein,Nein,,Framus FP-14ME VS Legacy Series,399.0,"45,00 mm",Ja,1 Stück,13643
136,147588,Folk,Mahagoni,,Nein,Mahagoni,April 2001,Natur,Roseacer,Harley Benton,Ja,Nein,,Harley Benton Bluesgitarren-Set 1,78.0,"42,00 mm",Nein,1 Stück,7758
137,447455,Dreadnought,Agathis,,Nein,Fichte,September 2018,Natur,Nandu,Ibanez,Ja,Nein,,Ibanez IJV30-NT Starter Set,109.0,"42,00 mm",Nein,1 Stück,48459
138,441833,Parlor,"Palisander, Massiv",,Ja,"Fichte, Massiv",August 2018,"Sunburst, Hochglanz",Richlite,Gibson,Nein,Ja,,Gibson Parlor Rosewood AG 2019,1998.0,"44,00 mm",Ja,1 Stück,41787
139,461116,00-Style,Walnuss,,Nein,Sitka Fichte,März 2019,Antik,Walnuss,Gibson,Nein,Ja,,Gibson L-00 Studio ANTN 2019,1549.0,"43,80 mm",Ja,1 Stück,15586
140,460902,Dreadnought,Mahagoni,,Nein,Mahagoni,Februar 2019,Vintage,Blackwood,Harley Benton,Nein,Nein,,Harley Benton Delta Blues DCE B-Stock,92.0,"43,00 mm",Ja,1 Stück,48884
141,462400,Concert,Kirsche,,Nein,"Fichte, Massiv",März 2019,Braun,Palisander,Seagull,Nein,Nein,,Seagull S6 Orig.Slim Concert HB GT A/E,639.0,"43,69 mm",Ja,1 Stück,35891
142,336346,Small,"Palisander, Massiv",,Nein,"Fichte, Massiv",April 2014,Natur,Ebenholz,Yamaha,Ja,Nein,,Yamaha LS 16 A.R.E NT,849.0,"44,00 mm",Ja,1 Stück,37521
143,406818,Concert,Mahagoni,,Nein,"Fichte, Massiv",Mai 2018,Natur,Palisander,Guild,Nein,Ja,,Guild M-40 Troubadour NAT LR Baggs,1828.0,"44,50 mm",Ja,1 Stück,79342
144,441511,Folk,Mahagoni,,Ja,"Mahagoni, massiv",Juni 2018,Natur,Ebenholz,Framus,Nein,Nein,,Framus 14 M Folk NS Legacy Series,369.0,"45,00 mm",Ja,1 Stück,12261
145,437955,Parlor,Mahagoni,,Nein,"Fichte, Massiv",Mai 2018,Natur,Palisander,Framus,Nein,Nein,,Framus Legacy Series FP14 SV Parlor,339.0,"45,00 mm",Nein,1 Stück,43141
146,460950,Travel,Sapele,,Nein,Sitka Fichte massiv,April 2019,Natur,Ovangkol,Journey Instruments,Ja,Nein,,Journey Instruments OF410,675.0,"44,50 mm",Ja,1 Stück,91800
147,337203,Travelguitar,Mahagoni,,Nein,Fichte,Juli 2014,Natur,Palisander,Luna Guitars,Nein,Nein,,Luna Guitars Safari Peace,155.0,"43,00 mm",Nein,1 Stück,28939
148,438000,Folk,Mahagoni,,Nein,"Fichte, Massiv",Mai 2018,Natur,Palisander,Framus,Nein,Nein,,Framus Legacy FF 14 SC Folk,339.0,"45,00 mm",Nein,1 Stück,85514
149,445338,Mini Grand Symphony,Blackwood,,Nein,Blackwood,Oktober 2018,Natur,Ebenholz,Maton,Nein,Ja,,Maton EMBW6 Mini,1649.0,"44,10 mm",Ja,1 Stück,79803
150,460720,Parlor,Mahagoni,,Nein,"Mahagoni, massiv",,Vintage Sunburst,Ovangkol,Harley Benton,Nein,Nein,,Harley Benton Custom Line CLP-15M VS,189.0,"45,00 mm",Nein,1 Stück,88334
151,392624,Parlor,Mahagoni,,Nein,Mahagoni,September 2016,Natur,Palisander,Ibanez,Nein,Nein,,Ibanez AVN9-OPN Artwood Vintage,348.0,"43,00 mm",Nein,1 Stück,55083
152,462333,Parlor,Kirsche,,Nein,"Fichte, Massiv",März 2019,Burst,Palisander,Art & Lutherie,Ja,Nein,,Art & Lutherie Roadhouse BB A/E w. Gigbag,529.0,"43,70 mm",Ja,1 Stück,33469
153,457797,Parlor,Mahagoni,,Nein,Sitka Fichte massiv,März 2019,Natur,Pau Ferro,Guild,Nein,Nein,,Guild P-240 Memoir Series,529.0,"43,00 mm",Nein,1 Stück,36165
154,461158,Mini Jumbo,Mahagoni,,Nein,Mahagoni,März 2019,Vintage,Blackwood,Harley Benton,Nein,Nein,,Harley Benton Delta Blues MJCE B-Stock,92.0,"43,00 mm",Ja,1 Stück,32869
155,382557,Mini Grand Symphony,Mahagoni,,Nein,Fichte,August 2016,Natur,Blackwood,Harley Benton,Ja,Nein,,Harley Benton Custom Line CLGS-10S Travel,129.0,"43,00 mm",Nein,1 Stück,11466
156,340992,Folk,Mahagoni,,Nein,"Mahagoni, massiv",Januar 2015,Sunburst,Palisander,Framus,Nein,Nein,,Framus FF-14M VS Legacy Series,329.0,"45,00 mm",Nein,1 Stück,84430
157,451396,Parlor,Ahorn,,Nein,"Fichte, Massiv",November 2018,Gold,Palisander,Gretsch,Nein,Nein,,Gretsch G5021E-LTD Rancher Penguin,479.0,"42,50 mm",Ja,1 Stück,15006
158,462422,Mini Jumbo,Ahorn,,Ja,"Fichte, Massiv",März 2019,Natur,Palisander,Seagull,Ja,Nein,,Seagull Performer Mini-Jumbo FM Q1T NT,888.0,"45,72 mm",Ja,1 Stück,81202
159,451656,Orchestra,Okume,,Nein,Okume,Februar 2019,Vintage,Blackwood,Harley Benton,Nein,Nein,,Harley Benton Delta Blues O,79.0,"43,00 mm",Nein,1 Stück,3190
160,415651,Travel,Palisander,,Nein,"Fichte, Massiv",Juni 2017,Natur,Palisander,Fender,Nein,Ja,,Fender CT140SE Travel Natur,304.0,"43,00 mm",Ja,1 Stück,36218
161,278857,Small,Ahorn,,Nein,Fichte,März 2012,Natur,Palisander,Maton,Nein,Ja,,Maton Mini EM6 w/ Case,1099.0,"44,00 mm",Ja,1 Stück,11427
162,352277,Grand Auditorum,Mahagoni,,Nein,"Mahagoni, massiv",April 2015,Natur,Palisander,Framus,Nein,Nein,,Framus FG-14M NS Legacy Series,333.0,"48,00 mm",Nein,1 Stück,29030
163,458113,Orchestra,Mahagoni,,Nein,Mahagoni,Januar 2019,Vintage,Blackwood,Harley Benton,Nein,Nein,,Harley Benton Delta Blues OE Set 1,109.0,"43,00 mm",Ja,1 Stück,7692
